Ecru,fff7e7
315,7d4246
Blanc,eeeeee
316,bc757f
B5200,fcfcff
317,6d6469
White,ffffff
318,999b9d
150,cf0053
319,3a553b
151,ffcbd7
320,608c59
152,e1a1a1
321,bd1136
153,eac5eb
322,3a609d
154,4b233a
326,ac1c37
155,9774b6
327,5e0f77
156,8577b4
333,6e2e9b
157,b5b8ea
334,6085b8
158,393068
335,d63d57
159,bcb5de
336,0c275e
160,8178a9
340,996dc3
161,60568b
341,a39ad7
162,cae7f0
347,ab1b33
163,557a60
349,c62c38
164,bae4b6
350,de3f40
165,e1f477
351,ed625b
166,adc238
352,f78372
167,855d31
353,fdb4a1
168,b1aeb7
355,97382b
169,827d7d
356,be5c4b
208,9442a7
367,446b45
209,ba72c6
368,7fc66d
210,d49fe1
369,cdefa6
211,e5bded
370,917245
221,792631
371,9f8352
223,bb6864
372,ad9564
224,e2a598
400,813718
225,f8d9cd
402,ef9e74
300,6c3116
407,b77159
301,aa5237
413,4a4749
304,a10c39
414,766e72
307,fde949
415,b8b9bd
309,ba2044
420,855a30
310,000000
422,c99a67
311,002a64
433,73421e
312,1f3279
434,8f5332
435,a96538
600,bf1c48
436,c78559
601,c62a53
437,daa26f
602,d63f68
444,f5bc13
603,ed5d84
445,fcf999
604,f793b2
451,887773
605,fbacc4
452,ad9994
606,f70f00
453,ccb8aa
608,fd480c
469,5b6533
610,6b5039
470,72813e
611,7c5f46
471,9eb357
612,a6885e
472,d1de75
613,b99f72
498,970b2c
632,7f4232
500,1d362a
640,817868
501,2f5446
642,958d79
502,57826e
644,c4bea6
503,89b89f
645,5d5d54
504,acdac1
646,6b6860
505,ceddc1
647,908e85
517,216285
648,a7a69f
518,50819c
666,ce1b33
519,94b7cb
676,ecbf7d
520,384526
677,f2dc9f
522,808b6e
680,b07b46
523,959f7a
699,075b26
524,aea78e
700,076c34
535,4b4b49
701,217c36
543,ead0b5
702,379130
550,580e5c
703,63b330
552,902f99
704,88c53a
553,a449ac
712,f6efda
554,dc9cde
718,cb2089
561,285e48
720,c83a24
562,3b8c5a
721,f46440
563,6ed39a
722,f98756
564,95e4af
725,f9c15b
580,355f0b
726,fddb63
581,838a29
727,fde98b
597,52adab
728,f2ae3f
598,97d8d3
729,ce9657
730,63520b
803,202754
731,6b580b
806,1d6c87
732,725c0c
807,558b9e
733,a78a44
809,919fd5
734,bb9c54
813,7fa0c6
738,e2b783
814,711033
739,f2deb9
815,800b34
740,fd6f1a
816,921238
741,fc8b10
817,bb1630
742,fdae3c
818,fededd
743,fdd769
819,fcebde
744,fee88d
820,151264
745,feeba5
822,e8dfc7
746,faf2d5
823,000b44
747,cee9ea
824,284779
754,f7c9b0
825,34588f
758,e99f83
826,5075a7
760,ec8880
827,a4c1de
761,f8b4ad
828,c3d7e6
762,d1d0d2
829,64480c
772,d7efa7
830,6e501d
775,d4e3ef
831,7c5f20
776,fca8ad
832,9c7230
777,9b0042
833,b99956
778,dca6a4
834,d2b468
779,53332d
838,4a3021
780,945026
839,5a3c2d
781,a25f1f
840,7a5939
782,b26923
841,a37d64
783,d0883d
842,cbb094
791,2d2068
844,494842
792,454b8b
868,995c30
793,7c82b5
869,784c28
794,a0b2d7
890,324233
796,272276
891,ee3246
797,2b3288
892,f44753
798,4e5ca7
893,f66879
799,6b7fc0
894,fd95a3
800,b5c7e9
895,344b2e
801,60391d
898,532f1b
899,ea6b78
955,a8ebad
900,c63117
956,f7566d
902,651329
957,fd99af
904,386324
958,0db294
905,467924
959,72d0b7
906,6c9e29
961,de586c
907,9dc72d
962,eb7183
909,106b43
963,fdccd1
910,10814e
964,a5e4d4
911,109256
966,94d28a
912,36b26b
967,ffc2ac
913,55ca7d
970,fb6721
915,95085a
971,fc670d
917,ac1071
972,fb9f11
918,883630
973,fccd2d
919,9b371b
975,813c11
920,ab4836
976,cf7532
921,c0573d
977,ec8f43
922,dd6e4c
986,2e5230
924,384a4a
987,436838
926,617674
988,66924a
927,9fa8a5
989,71a74e
928,c0c6c0
991,135f55
930,495c6b
992,42b59e
931,667684
993,62d8b6
932,93a0af
995,0061b0
934,323324
996,49a8eb
935,383a2a
3011,655935
936,3f4227
3012,8b7b4e
937,434f2c
3013,afa97b
938,45271a
3021,50403b
939,09092f
3022,848274
943,009a77
3023,a29b86
945,f6c19a
3024,beb8ac
946,ed4115
3031,423014
947,fc4f16
3032,9d8868
948,fde6d3
3033,dbc7ad
950,e5ac8d
3041,866a76
951,faddb6
3042,af98a0
954,6fda8a
3045,af8152
3046,ceb074
3731,c34c5c
3047,ead8ab
3733,ea7e86
3051,4c4c1e
3740,71535d
3052,787e5c
3743,cfc2c9
3053,999d75
3746,844ab5
3064,ba7056
3747,d0c5ec
3072,d2d2ca
3750,1d4552
3078,fcf6b6
3752,bac9cc
3325,adcde7
3753,d9e6ec
3326,f9979c
3755,81a5d8
3328,be444a
3756,e9f4fa
3340,fd6b4f
3760,467293
3341,fd8e78
3761,b1d0df
3345,40552e
3765,175e78
3346,56743b
3766,4b8aa1
3347,6d9646
3768,4c605f
3348,bedf74
3770,fef1d8
3350,aa3949
3771,e8ac9b
3354,efa5ac
3772,995744
3362,49523c
3773,cf866d
3363,617451
3774,f3cfb4
3364,8e9b6d
3776,c96444
3371,36220e
3777,922f25
3607,d94c9d
3778,d2705c
3608,ec81be
3779,f2ab95
3609,f6b0df
3781,593f2b
3685,79263b
3782,b69d80
3687,b5455d
3787,62524c
3688,dc7c86
3790,6d5a4b
3689,f8bbc8
3799,39393d
3705,f2494f
3801,e4353d
3706,fd6e70
3802,672a33
3708,fda0ae
3803,872a43
3712,d95d5d
3804,ce2b63
3713,fdd5d0
3805,df3c73
3716,fcafb9
3806,f15a91
3721,933b3d
3807,4b599e
3722,a04b4c
3808,03535c
3726,95565c
3809,136a75
3727,da9ea6
3810,2d8d98
3811,a8e2e5
3839,7a7ec5
3812,07a184
3840,b2bdea
3813,86c3ab
3841,d9eaf2
3814,0b8673
3842,06506a
3815,437259
3843,28a3de
3816,60937a
3844,1f7fa0
3817,81c6a4
3845,2badd1
3818,005d2e
3846,5eccec
3819,ccc959
3847,186358
3820,dba53e
3848,207e72
3821,ebbb52
3849,35b193
3822,f7d169
3850,208b46
3823,fef5cd
3851,61bb84
3824,fcae99
3852,e3a730
3825,fea370
3853,ef8125
3826,b16633
3854,fbac56
3827,eaa664
3855,fddfa0
3828,aa7c43
3856,fdbe8e
3829,a7671d
3857,6a2f26
3830,a94138
3858,803a32
3831,c12b52
3859,ba7a6c
3832,e36370
3860,896362
3833,ea8b96
3861,ac8583
3834,6a2258
3862,6e492a
3835,924d78
3863,94725d
3836,c597b9
3864,c9aa92
3837,8a2a8f
3865,fffdf9
3838,606bad
3866,f0e6d7
